{"cameraMode":{"drawMode":0,"name":"Shaded","section":"Shading Mode"},"sceneLighting":false,"audioPlay":false,"sceneViewState":{"showFog":true,"showMaterialUpdate":false,"showSkybox":false,"showFlares":true,"showImageEffects":true,"showParticleSystems":true},"in2DMode":false,"pivot":{"x":-2.384185791015625e-7,"y":-2.384185791015625e-7,"z":0.0},"rotation":{"x":0.13518525660037995,"y":0.0014890840975567699,"z":-0.00020340338232927024,"w":0.9908192157745361},"size":8.788814544677735,"orthographic":false}